file_name,label,pred_label
test_2255.wav,noise,noise
devel_0092.wav,orca,noise
train_3024.wav,noise,noise
test_2397.wav,noise,noise
test_1879.wav,noise,noise
train_3155.wav,orca,noise
test_2022.wav,noise,noise
train_4437.wav,orca,orca
train_2165.wav,noise,noise
test_4258.wav,noise,orca
test_4309.wav,noise,noise
devel_0965.wav,noise,noise
train_2522.wav,orca,orca
train_1589.wav,noise,noise
train_1157.wav,noise,noise
train_1411.wav,noise,noise
train_1653.wav,noise,noise
devel_2785.wav,orca,orca
devel_3144.wav,orca,orca
devel_1974.wav,noise,noise
train_3898.wav,noise,noise
train_1924.wav,noise,noise
test_1072.wav,orca,noise
train_3355.wav,noise,noise
train_2759.wav,noise,noise
test_4449.wav,orca,noise
train_1346.wav,noise,noise
test_3740.wav,noise,noise
test_0426.wav,orca,orca
devel_2385.wav,noise,noise
train_2281.wav,noise,noise
train_4374.wav,noise,noise
test_2439.wav,noise,noise
devel_2669.wav,noise,orca
test_4110.wav,noise,noise
train_3361.wav,orca,noise
test_2247.wav,noise,noise
devel_3052.wav,noise,noise
devel_2776.wav,orca,orca
train_2039.wav,noise,noise
train_1072.wav,noise,noise
test_1269.wav,noise,noise
devel_1588.wav,orca,noise
devel_0309.wav,noise,noise
train_2681.wav,orca,noise
devel_1234.wav,noise,noise
devel_1001.wav,noise,noise
devel_0576.wav,noise,noise
devel_0417.wav,noise,noise
test_4010.wav,noise,noise
train_0255.wav,noise,noise
train_1398.wav,noise,noise
train_1146.wav,noise,noise
devel_1601.wav,noise,noise
test_1771.wav,noise,noise
devel_2357.wav,noise,noise
test_4673.wav,orca,noise
train_2278.wav,noise,noise
devel_1494.wav,noise,noise
devel_2993.wav,orca,noise
train_1605.wav,noise,noise
test_2430.wav,noise,noise
test_1318.wav,noise,noise
devel_2779.wav,noise,noise
test_3554.wav,orca,noise
test_3291.wav,orca,orca
train_0501.wav,noise,noise
train_3250.wav,noise,noise
train_0986.wav,noise,noise
test_3623.wav,orca,noise
test_2175.wav,orca,noise
devel_1009.wav,noise,noise
devel_3167.wav,noise,noise
devel_2513.wav,orca,noise
test_4051.wav,noise,noise
devel_1899.wav,orca,orca
test_4856.wav,noise,noise
test_0706.wav,noise,noise
devel_1179.wav,noise,noise
train_0575.wav,noise,noise
test_2906.wav,noise,orca
train_4022.wav,noise,noise
train_2272.wav,noise,noise
test_2014.wav,noise,noise
test_0892.wav,noise,noise
devel_0288.wav,orca,noise
train_0194.wav,orca,noise
devel_1771.wav,noise,noise
train_2063.wav,noise,noise
test_4148.wav,noise,noise
devel_1032.wav,noise,noise
train_1314.wav,noise,noise
devel_0471.wav,noise,noise
devel_3166.wav,noise,noise
test_2530.wav,noise,noise
train_4806.wav,noise,noise
test_1973.wav,noise,noise
train_3405.wav,noise,noise
devel_3225.wav,noise,noise
test_1219.wav,noise,noise
train_2160.wav,noise,noise
test_0364.wav,noise,noise
train_1814.wav,noise,noise
train_0375.wav,noise,noise
train_0630.wav,noise,noise
train_0969.wav,noise,noise
test_0150.wav,noise,noise
devel_2242.wav,orca,orca
test_0229.wav,noise,noise
train_0569.wav,noise,noise
train_2939.wav,noise,noise
train_1491.wav,noise,noise
train_4490.wav,orca,noise
devel_1008.wav,orca,noise
train_1020.wav,orca,orca
train_3343.wav,noise,noise
devel_3482.wav,noise,noise
test_2557.wav,noise,noise
test_2104.wav,noise,noise
devel_1937.wav,noise,noise
test_0020.wav,noise,noise
test_2218.wav,noise,noise
train_1347.wav,noise,noise
test_3005.wav,noise,noise
test_3649.wav,noise,noise
test_0213.wav,orca,noise
test_1081.wav,noise,noise
train_3047.wav,orca,noise
devel_2490.wav,noise,noise
test_4319.wav,noise,noise
test_2495.wav,noise,noise
test_3354.wav,noise,noise
devel_1558.wav,noise,orca
devel_0165.wav,orca,noise
test_1546.wav,noise,noise
test_2092.wav,noise,noise
train_3327.wav,noise,noise
train_0908.wav,noise,noise
train_0293.wav,noise,noise
train_0297.wav,noise,noise
train_2851.wav,orca,noise
test_0252.wav,noise,noise
train_4471.wav,noise,noise
devel_0398.wav,noise,noise
test_1735.wav,noise,noise
test_3691.wav,noise,noise
devel_2640.wav,orca,noise
devel_2338.wav,noise,noise
test_4690.wav,noise,noise
train_1190.wav,noise,noise
train_2293.wav,orca,orca
train_4333.wav,noise,noise
train_0741.wav,noise,noise
devel_0548.wav,noise,noise
devel_2686.wav,noise,noise
train_2130.wav,noise,noise
train_3193.wav,noise,noise
train_2490.wav,noise,noise
test_0788.wav,noise,noise
test_0362.wav,noise,noise
train_3301.wav,noise,noise
devel_0995.wav,noise,noise
test_0366.wav,orca,orca
train_2102.wav,orca,orca
devel_3444.wav,noise,noise
train_4743.wav,orca,noise
train_0061.wav,noise,noise
train_0618.wav,noise,noise
test_4174.wav,noise,noise
test_3511.wav,noise,noise
devel_2893.wav,noise,noise
devel_1585.wav,orca,orca
test_4401.wav,noise,noise
devel_1718.wav,orca,noise
train_3170.wav,noise,noise
test_1348.wav,noise,noise
devel_1321.wav,orca,noise
devel_0477.wav,noise,noise
train_4449.wav,noise,noise
test_4899.wav,noise,noise
train_3350.wav,orca,noise
test_3863.wav,orca,noise
devel_3369.wav,noise,noise
test_2897.wav,noise,noise
devel_1391.wav,noise,noise
test_2898.wav,noise,noise
devel_1855.wav,noise,noise
devel_3383.wav,noise,noise
devel_0157.wav,noise,noise
train_2347.wav,noise,noise
train_4694.wav,orca,noise
test_3755.wav,noise,noise
devel_0445.wav,noise,noise
test_3961.wav,noise,noise
train_0447.wav,orca,noise
devel_2223.wav,noise,noise
train_3690.wav,noise,noise
devel_0971.wav,noise,noise
train_1611.wav,noise,noise
test_4342.wav,noise,noise
train_3517.wav,orca,noise
train_2203.wav,noise,noise
test_2391.wav,noise,noise
test_1981.wav,noise,noise
test_4717.wav,noise,noise
test_2192.wav,noise,noise
test_3862.wav,noise,noise
test_1056.wav,noise,noise
test_4246.wav,noise,noise
devel_2344.wav,noise,noise
train_0251.wav,noise,noise
test_4795.wav,noise,noise
train_0295.wav,noise,noise
devel_0397.wav,noise,noise
train_0476.wav,noise,noise
train_4198.wav,noise,noise
devel_2651.wav,orca,noise
test_3361.wav,orca,noise
train_1984.wav,noise,noise
train_0571.wav,orca,noise
devel_2172.wav,noise,noise
devel_0910.wav,noise,noise
devel_3355.wav,orca,noise
train_1183.wav,noise,noise
test_3683.wav,noise,noise
train_3988.wav,orca,noise
devel_1510.wav,noise,noise
devel_2206.wav,orca,noise
train_1836.wav,orca,noise
train_0519.wav,noise,noise
devel_2284.wav,noise,noise
test_0152.wav,noise,noise
devel_1525.wav,noise,noise
train_1844.wav,noise,noise
devel_3181.wav,noise,noise
test_2880.wav,noise,noise
train_4002.wav,orca,noise
devel_1249.wav,orca,noise
train_0371.wav,noise,noise
train_3854.wav,orca,orca
test_3019.wav,noise,noise
test_0439.wav,noise,noise
train_3964.wav,orca,orca
train_2042.wav,noise,noise
devel_2153.wav,noise,noise
test_2595.wav,noise,noise
devel_3511.wav,noise,noise
train_0353.wav,noise,noise
test_1663.wav,noise,noise
test_4623.wav,noise,noise
test_0487.wav,noise,noise
test_0271.wav,noise,noise
test_0276.wav,noise,noise
test_4513.wav,noise,noise
devel_0805.wav,orca,orca
test_1772.wav,orca,noise
devel_1332.wav,noise,noise
train_0892.wav,orca,orca
devel_1385.wav,noise,noise
test_4184.wav,noise,noise
train_2639.wav,noise,noise
train_2799.wav,noise,noise
test_0814.wav,noise,orca
devel_3095.wav,noise,noise
test_3075.wav,noise,noise
test_4831.wav,noise,noise
devel_1740.wav,noise,noise
test_0618.wav,noise,noise
test_3813.wav,orca,noise
train_2287.wav,noise,noise
devel_2430.wav,noise,noise
train_2533.wav,noise,noise
train_1115.wav,orca,orca
train_0714.wav,noise,noise
devel_1077.wav,noise,noise
test_4895.wav,orca,noise
test_3024.wav,noise,noise
test_3787.wav,noise,noise
train_2207.wav,noise,noise
test_0646.wav,noise,noise
devel_2592.wav,noise,noise
devel_2634.wav,noise,noise
devel_0690.wav,orca,noise
test_3129.wav,noise,noise
test_2163.wav,noise,noise
train_0634.wav,noise,noise
devel_1608.wav,orca,noise
devel_1944.wav,noise,noise
test_3449.wav,noise,noise
test_4821.wav,noise,noise
train_1001.wav,orca,orca
devel_2006.wav,noise,noise
train_4582.wav,noise,noise
test_3991.wav,noise,noise
test_1850.wav,noise,noise
devel_0533.wav,noise,noise
devel_2842.wav,noise,noise
devel_1325.wav,noise,noise
test_4815.wav,noise,noise
devel_0810.wav,noise,noise
train_3519.wav,noise,noise
train_4693.wav,noise,noise
train_1125.wav,noise,noise
devel_1122.wav,noise,noise
train_1281.wav,orca,orca
test_0078.wav,noise,noise
test_4324.wav,noise,noise
train_4254.wav,orca,noise
train_2032.wav,noise,noise
train_0602.wav,noise,noise
devel_1112.wav,noise,noise
test_2458.wav,noise,noise
train_1820.wav,noise,noise
devel_3506.wav,orca,noise
train_3275.wav,orca,orca
train_3544.wav,noise,noise
devel_0160.wav,noise,noise
test_2412.wav,noise,noise
train_4365.wav,noise,noise
devel_3157.wav,noise,noise
train_0462.wav,noise,noise
devel_1971.wav,noise,noise
devel_1430.wav,orca,noise
test_3847.wav,noise,noise
train_4558.wav,noise,noise
devel_1201.wav,orca,orca
test_1610.wav,noise,noise
train_1076.wav,noise,noise
train_3612.wav,noise,noise
test_0737.wav,noise,noise
test_0319.wav,noise,noise
devel_3329.wav,noise,noise
train_3167.wav,orca,orca
devel_2930.wav,noise,noise
test_4545.wav,noise,noise
devel_0569.wav,noise,noise
test_4679.wav,noise,noise
train_3697.wav,noise,noise
train_0185.wav,orca,noise
train_3018.wav,orca,noise
train_0570.wav,noise,noise
train_0615.wav,noise,noise
train_0523.wav,noise,noise
train_2173.wav,noise,noise
test_5015.wav,noise,noise
train_1599.wav,noise,noise
train_3774.wav,noise,noise
train_3364.wav,noise,noise
train_4072.wav,noise,noise
train_2654.wav,noise,noise
devel_3477.wav,noise,noise
test_1113.wav,noise,noise
train_3289.wav,orca,noise
train_2191.wav,noise,noise
test_3839.wav,noise,noise
devel_1802.wav,noise,noise
train_3932.wav,noise,noise
devel_1446.wav,noise,noise
train_2164.wav,noise,noise
train_0274.wav,noise,noise
train_3717.wav,noise,noise
devel_3183.wav,noise,noise
test_2596.wav,noise,noise
devel_2441.wav,noise,noise
train_3030.wav,noise,noise
train_0363.wav,noise,noise
train_2286.wav,noise,noise
test_1356.wav,noise,noise
test_0287.wav,noise,noise
devel_2759.wav,noise,noise
train_2728.wav,noise,noise
devel_2827.wav,noise,orca
train_1245.wav,orca,noise
train_3059.wav,noise,noise
devel_2329.wav,noise,noise
devel_2185.wav,noise,noise
train_0748.wav,noise,noise
test_1453.wav,noise,noise
train_0064.wav,noise,noise
test_4910.wav,noise,noise
devel_2631.wav,noise,noise
train_1711.wav,noise,noise
train_3556.wav,noise,noise
test_2205.wav,noise,noise
devel_3098.wav,noise,noise
devel_0443.wav,orca,noise
devel_0391.wav,noise,noise
train_4807.wav,noise,noise
train_3617.wav,noise,noise
test_2155.wav,noise,orca
train_1686.wav,noise,noise
test_2902.wav,noise,noise
test_2158.wav,noise,noise
test_1607.wav,noise,noise
train_3669.wav,noise,noise
test_4248.wav,noise,noise
test_3977.wav,noise,noise
devel_0080.wav,noise,noise
test_1342.wav,noise,noise
train_2396.wav,noise,noise
test_1488.wav,noise,noise
test_0082.wav,noise,noise
test_3642.wav,orca,noise
train_4578.wav,noise,noise
test_1004.wav,noise,noise
test_4378.wav,noise,noise
devel_1339.wav,noise,noise
devel_1652.wav,orca,orca
train_2282.wav,noise,noise
train_1133.wav,orca,orca
test_3069.wav,noise,noise
test_3552.wav,noise,noise
devel_0321.wav,noise,noise
test_3782.wav,noise,noise
devel_2511.wav,orca,noise
train_1212.wav,noise,noise
devel_2265.wav,noise,noise
train_1660.wav,noise,noise
devel_0706.wav,noise,noise
test_4451.wav,noise,noise
devel_1078.wav,noise,noise
train_2630.wav,noise,noise
train_1808.wav,noise,noise
train_3561.wav,noise,noise
train_4637.wav,noise,noise
train_0213.wav,orca,noise
test_0192.wav,noise,noise
train_2797.wav,noise,noise
test_0559.wav,noise,noise
train_2067.wav,noise,noise
devel_2471.wav,noise,noise
devel_2736.wav,orca,orca
devel_0700.wav,noise,noise
test_2405.wav,noise,noise
train_4551.wav,orca,noise
train_1549.wav,noise,noise
test_2497.wav,noise,noise
train_4001.wav,noise,noise
test_4853.wav,orca,noise
train_0317.wav,noise,noise
test_0841.wav,noise,noise
devel_1309.wav,noise,noise
train_1084.wav,noise,noise
test_1552.wav,noise,noise
test_2856.wav,noise,noise
train_1360.wav,noise,noise
train_1301.wav,noise,noise
test_2429.wav,noise,noise
test_1979.wav,noise,noise
test_0047.wav,noise,noise
devel_1602.wav,orca,noise
train_3818.wav,noise,noise
test_0169.wav,noise,noise
devel_1686.wav,noise,noise
train_2925.wav,noise,noise
devel_1728.wav,noise,noise
test_3136.wav,noise,noise
test_3318.wav,noise,orca
train_0489.wav,noise,noise
devel_1628.wav,noise,noise
devel_1949.wav,noise,noise
devel_3403.wav,noise,orca
devel_1189.wav,noise,noise
train_1488.wav,noise,noise
test_0395.wav,noise,noise
train_2594.wav,noise,noise
devel_0941.wav,orca,noise
train_0785.wav,noise,noise
devel_1371.wav,noise,noise
test_4418.wav,noise,noise
test_4236.wav,noise,noise
test_1813.wav,noise,noise
train_0138.wav,noise,noise
devel_2751.wav,orca,noise
devel_1361.wav,noise,noise
test_4798.wav,noise,noise
train_2086.wav,orca,noise
test_0519.wav,noise,noise
train_1819.wav,noise,noise
test_1942.wav,orca,noise
devel_0956.wav,noise,noise
train_0598.wav,noise,noise
train_0428.wav,noise,noise
train_2181.wav,noise,noise
train_0503.wav,orca,noise
train_1087.wav,noise,noise
train_1556.wav,noise,noise
test_1238.wav,noise,noise
train_3157.wav,noise,noise
train_1855.wav,noise,noise
test_1287.wav,noise,noise
train_0220.wav,noise,noise
test_4016.wav,noise,noise
test_3048.wav,noise,noise
devel_3190.wav,noise,noise
test_0034.wav,noise,noise
test_3958.wav,noise,noise
test_4701.wav,noise,noise
test_0039.wav,noise,noise
test_4428.wav,orca,noise
train_4140.wav,noise,noise
test_2930.wav,noise,noise
train_3483.wav,noise,noise
train_4419.wav,noise,noise
devel_2060.wav,noise,noise
train_3168.wav,noise,noise
test_4772.wav,orca,noise
devel_3235.wav,noise,noise
devel_3498.wav,noise,noise
devel_1377.wav,orca,orca
train_1147.wav,noise,noise
train_4402.wav,noise,noise
test_3384.wav,noise,noise
train_0239.wav,noise,noise
devel_1476.wav,noise,noise
test_0602.wav,noise,noise
test_3710.wav,noise,noise
train_2400.wav,noise,noise
train_2689.wav,noise,noise
train_2502.wav,noise,noise
devel_1598.wav,orca,orca
train_1527.wav,noise,noise
train_1037.wav,noise,noise
devel_0990.wav,noise,noise
test_4753.wav,noise,noise
train_3284.wav,orca,orca
train_4005.wav,noise,noise
devel_1051.wav,noise,noise
devel_2443.wav,noise,noise
test_3800.wav,noise,noise
train_3033.wav,noise,noise
train_3049.wav,noise,noise
devel_2806.wav,noise,noise
devel_2214.wav,noise,noise
devel_0230.wav,orca,noise
test_0986.wav,noise,noise
devel_2433.wav,noise,noise
train_0551.wav,noise,noise
devel_1963.wav,orca,noise
train_1240.wav,noise,noise
test_0772.wav,noise,noise
train_1629.wav,orca,noise
devel_2029.wav,noise,noise
test_3629.wav,noise,noise
train_2815.wav,orca,noise
devel_2420.wav,orca,orca
devel_2846.wav,orca,orca
devel_0424.wav,noise,noise
test_4300.wav,noise,noise
devel_1450.wav,noise,noise
train_3511.wav,noise,noise
train_2256.wav,noise,noise
devel_2014.wav,noise,noise
test_3158.wav,noise,noise
test_3723.wav,noise,noise
train_0898.wav,noise,noise
test_1431.wav,noise,noise
test_1625.wav,orca,noise
test_1932.wav,noise,noise
train_3881.wav,noise,noise
devel_1499.wav,noise,noise
test_4752.wav,orca,noise
test_3013.wav,orca,noise
test_4065.wav,noise,noise
test_5018.wav,orca,orca
test_4750.wav,noise,noise
train_4508.wav,orca,noise
test_0391.wav,noise,noise
train_4750.wav,noise,noise
test_2882.wav,noise,noise
train_2199.wav,orca,noise
test_4963.wav,noise,noise
train_4785.wav,noise,noise
devel_0343.wav,noise,noise
train_4808.wav,noise,noise
test_3100.wav,noise,noise
devel_2890.wav,noise,noise
train_3230.wav,noise,noise
test_3752.wav,orca,orca
train_3923.wav,noise,noise
devel_1659.wav,orca,noise
devel_2434.wav,noise,noise
test_3499.wav,noise,noise
devel_3484.wav,noise,noise
test_4074.wav,noise,noise
train_4149.wav,orca,noise
test_3015.wav,noise,noise
train_2852.wav,noise,noise
test_3470.wav,orca,noise
train_2057.wav,noise,noise
devel_3246.wav,noise,noise
test_2073.wav,orca,orca
test_0035.wav,noise,noise
test_4865.wav,noise,noise
test_4380.wav,orca,orca
devel_1662.wav,noise,noise
train_1105.wav,noise,noise
test_3414.wav,orca,noise
test_2437.wav,orca,noise
devel_0799.wav,orca,noise
test_0425.wav,noise,noise
devel_2600.wav,noise,noise
train_1300.wav,noise,noise
test_0455.wav,noise,noise
test_1896.wav,noise,noise
train_0797.wav,noise,noise
devel_0802.wav,noise,noise
devel_2251.wav,orca,orca
train_3277.wav,noise,noise
train_0622.wav,orca,orca
test_2770.wav,noise,noise
devel_3360.wav,noise,noise
test_0224.wav,noise,noise
train_1831.wav,noise,noise
test_0294.wav,noise,noise
train_3719.wav,noise,noise
test_0462.wav,orca,noise
test_3962.wav,noise,noise
test_0564.wav,noise,noise
train_1553.wav,noise,noise
train_4554.wav,orca,noise
test_0449.wav,noise,noise
test_3592.wav,orca,noise
test_1943.wav,noise,noise
test_0726.wav,noise,noise
test_2811.wav,noise,noise
train_3820.wav,noise,noise
train_1526.wav,noise,noise
test_2533.wav,orca,noise
test_0743.wav,noise,noise
train_3666.wav,noise,noise
devel_1471.wav,noise,noise
devel_3327.wav,noise,noise
test_1953.wav,noise,noise
test_2199.wav,noise,noise
devel_0535.wav,orca,noise
test_3487.wav,noise,noise
test_2619.wav,noise,noise
train_2218.wav,noise,noise
train_0043.wav,orca,noise
train_0818.wav,noise,noise
test_3556.wav,noise,noise
train_4274.wav,noise,noise
train_1052.wav,noise,noise
test_1468.wav,noise,noise
train_1646.wav,noise,noise
train_1413.wav,noise,noise
devel_1616.wav,noise,noise
train_1518.wav,noise,noise
test_4500.wav,noise,noise
train_0822.wav,noise,noise
devel_1667.wav,noise,noise
test_2922.wav,noise,orca
test_4214.wav,orca,noise
devel_1324.wav,noise,noise
train_4350.wav,noise,noise
devel_0923.wav,noise,noise
train_4349.wav,noise,noise
test_3630.wav,noise,noise
train_0424.wav,orca,noise
devel_2770.wav,noise,noise
train_3663.wav,noise,noise
train_3889.wav,noise,noise
test_1780.wav,noise,noise
test_4563.wav,noise,noise
test_3646.wav,orca,noise
train_1083.wav,noise,noise
test_1049.wav,orca,noise
train_0224.wav,orca,orca
train_2333.wav,noise,noise
test_3273.wav,noise,noise
test_4933.wav,noise,noise
devel_1368.wav,noise,noise
train_0769.wav,orca,noise
test_1249.wav,noise,noise
test_2042.wav,orca,noise
train_4677.wav,noise,noise
test_4668.wav,noise,noise
test_2702.wav,noise,noise
test_1461.wav,noise,noise
train_1118.wav,noise,noise
test_4333.wav,noise,noise
train_3746.wav,noise,noise
train_3006.wav,noise,orca
test_1437.wav,noise,noise
devel_0106.wav,noise,noise
test_1499.wav,noise,noise
train_2402.wav,noise,noise
test_4176.wav,noise,noise
devel_1061.wav,noise,noise
test_2933.wav,orca,orca
test_3404.wav,noise,noise
test_1176.wav,noise,noise
train_3282.wav,orca,noise
devel_0491.wav,noise,noise
test_3987.wav,noise,noise
test_4435.wav,noise,noise
train_4257.wav,noise,noise
devel_0862.wav,noise,noise
test_4475.wav,orca,orca
train_2962.wav,noise,noise
devel_0392.wav,noise,noise
train_0306.wav,noise,noise
train_2269.wav,noise,noise
test_4306.wav,noise,noise
test_3500.wav,noise,noise
train_0937.wav,noise,noise
train_0127.wav,noise,noise
test_4890.wav,noise,noise
train_2078.wav,noise,noise
train_4267.wav,noise,noise
train_3850.wav,orca,noise
train_2829.wav,noise,noise
devel_1639.wav,noise,noise
devel_1460.wav,noise,noise
test_1026.wav,noise,noise
train_1751.wav,orca,noise
devel_1351.wav,noise,noise
train_4499.wav,noise,noise
devel_0755.wav,noise,noise
train_1769.wav,noise,noise
test_3670.wav,orca,noise
test_1459.wav,noise,noise
devel_1917.wav,noise,noise
train_4770.wav,noise,noise
test_3053.wav,noise,noise
test_1723.wav,noise,noise
train_2496.wav,noise,noise
train_1338.wav,orca,noise
test_3520.wav,orca,orca
test_4687.wav,noise,noise
train_2208.wav,noise,noise
train_3987.wav,noise,noise
devel_3271.wav,noise,noise
test_1624.wav,noise,noise
test_2113.wav,noise,noise
test_2161.wav,noise,noise
train_4329.wav,noise,noise
train_1766.wav,noise,noise
train_0202.wav,orca,orca
train_0982.wav,orca,noise
devel_1017.wav,noise,noise
devel_1784.wav,noise,noise
test_4457.wav,noise,noise
test_1549.wav,noise,noise
test_1343.wav,noise,noise
devel_1835.wav,noise,noise
devel_1885.wav,noise,noise
train_1724.wav,noise,noise
test_3187.wav,noise,noise
train_0685.wav,noise,noise
test_4091.wav,noise,noise
train_1682.wav,noise,noise
devel_0104.wav,noise,noise
test_4461.wav,noise,noise
test_0574.wav,noise,noise
train_0693.wav,orca,orca
devel_2693.wav,noise,noise
test_3276.wav,noise,noise
train_0076.wav,noise,noise
test_1823.wav,noise,noise
train_0945.wav,noise,noise
devel_0950.wav,noise,noise
train_1898.wav,noise,noise
test_3966.wav,noise,noise
test_1237.wav,noise,noise
train_2262.wav,noise,noise
devel_1973.wav,noise,noise
test_0979.wav,noise,noise
test_4041.wav,orca,noise
train_2634.wav,noise,noise
devel_3443.wav,noise,noise
train_0054.wav,noise,noise
test_1489.wav,noise,noise
devel_2621.wav,noise,noise
train_3251.wav,noise,noise
test_0835.wav,noise,noise
devel_0811.wav,noise,noise
train_0668.wav,noise,noise
devel_0315.wav,noise,noise
devel_2550.wav,noise,noise
test_2471.wav,orca,orca
train_2694.wav,noise,noise
test_0303.wav,noise,noise
devel_0999.wav,noise,noise
test_4473.wav,noise,noise
test_2838.wav,noise,noise
train_0373.wav,orca,orca
train_3708.wav,noise,noise
train_0225.wav,orca,orca
train_3576.wav,noise,noise
test_0678.wav,noise,noise
test_4349.wav,noise,noise
devel_0673.wav,orca,orca
devel_2397.wav,noise,noise
devel_1617.wav,orca,orca
test_1263.wav,orca,noise
test_2582.wav,noise,noise
devel_3262.wav,noise,noise
test_5041.wav,noise,noise
train_4548.wav,noise,noise
devel_0024.wav,orca,noise
test_2812.wav,noise,noise
train_3453.wav,noise,noise
train_1253.wav,noise,noise
test_4088.wav,orca,noise
train_3325.wav,noise,noise
train_4221.wav,orca,noise
train_0921.wav,noise,noise
train_1857.wav,orca,orca
test_1641.wav,noise,noise
test_2324.wav,noise,noise
train_1345.wav,noise,noise
train_4320.wav,noise,noise
devel_0028.wav,noise,noise
devel_1290.wav,noise,noise
train_3491.wav,noise,noise
test_0207.wav,noise,noise
train_1787.wav,noise,noise
devel_1355.wav,noise,noise
test_3569.wav,noise,noise
train_3406.wav,noise,noise
test_2826.wav,orca,orca
devel_1886.wav,orca,noise
test_3080.wav,noise,noise
test_1590.wav,noise,noise
train_2133.wav,noise,noise
train_0679.wav,orca,noise
test_3294.wav,noise,noise
test_4013.wav,noise,noise
devel_0663.wav,orca,noise
train_4386.wav,noise,noise
test_1115.wav,orca,orca
test_0334.wav,noise,noise
devel_1449.wav,orca,noise
test_1038.wav,noise,noise
test_1700.wav,noise,noise
train_1007.wav,noise,noise
test_3950.wav,noise,noise
test_1555.wav,noise,noise
train_4400.wav,noise,noise
test_0307.wav,orca,noise
test_1531.wav,orca,orca
train_3214.wav,noise,noise
train_3900.wav,orca,orca
devel_3391.wav,noise,noise
test_0583.wav,noise,noise
devel_2328.wav,noise,noise
devel_3226.wav,noise,noise
train_4004.wav,noise,noise
train_1224.wav,noise,noise
test_0640.wav,noise,noise
train_3520.wav,noise,noise
train_2491.wav,noise,noise
devel_3406.wav,noise,noise
devel_0337.wav,noise,noise
test_2112.wav,noise,noise
train_3038.wav,noise,noise
test_0909.wav,noise,noise
test_2886.wav,noise,noise
train_1217.wav,noise,noise
devel_1204.wav,noise,noise
train_2255.wav,noise,noise
test_2337.wav,noise,orca
train_3905.wav,noise,noise
test_0664.wav,noise,noise
devel_2389.wav,orca,noise
test_3463.wav,noise,noise
train_2150.wav,noise,noise
test_2114.wav,noise,noise
train_1381.wav,noise,noise
train_2062.wav,noise,noise
train_3948.wav,noise,noise
test_4280.wav,noise,noise
train_1454.wav,noise,noise
train_2155.wav,orca,orca
devel_3062.wav,noise,noise
test_2298.wav,noise,noise
test_3238.wav,noise,noise
test_4026.wav,noise,noise
train_0068.wav,noise,noise
devel_0591.wav,noise,noise
devel_2426.wav,noise,noise
devel_2418.wav,noise,noise
test_2098.wav,noise,noise
test_4721.wav,noise,noise
devel_0751.wav,noise,noise
train_1384.wav,noise,noise
test_0407.wav,noise,noise
devel_3111.wav,noise,noise
train_4309.wav,noise,noise
train_4226.wav,noise,noise
test_2855.wav,orca,noise
test_4422.wav,noise,noise
train_4045.wav,orca,noise
test_4830.wav,noise,noise
train_2707.wav,orca,noise
devel_1408.wav,noise,noise
train_3756.wav,noise,noise
devel_1445.wav,noise,noise
test_3172.wav,orca,orca
train_1797.wav,orca,noise
test_4221.wav,noise,noise
test_4999.wav,noise,orca
test_1637.wav,orca,noise
train_2352.wav,noise,noise
train_2504.wav,noise,noise
devel_2678.wav,noise,noise
devel_0571.wav,noise,noise
devel_3080.wav,noise,noise
devel_1059.wav,noise,noise
test_1830.wav,noise,noise
test_0724.wav,orca,orca
train_1078.wav,noise,noise
test_1142.wav,noise,noise
train_3953.wav,orca,noise
devel_0774.wav,orca,orca
train_2930.wav,noise,noise
devel_0542.wav,orca,orca
train_3995.wav,noise,noise
devel_1168.wav,noise,noise
train_4259.wav,noise,noise
train_2369.wav,orca,orca
test_4607.wav,noise,noise
test_3634.wav,noise,noise
devel_1107.wav,noise,noise
train_0841.wav,orca,orca
test_2794.wav,noise,noise
train_0983.wav,noise,noise
train_4145.wav,noise,noise
train_0657.wav,orca,orca
devel_0893.wav,noise,noise
test_0621.wav,noise,noise
devel_2619.wav,noise,noise
test_0501.wav,orca,noise
devel_2841.wav,orca,orca
train_4739.wav,noise,noise
test_1323.wav,orca,noise
test_1991.wav,noise,noise
test_0686.wav,noise,noise
test_0374.wav,noise,noise
train_4658.wav,noise,noise
devel_3365.wav,noise,noise
test_0062.wav,noise,noise
test_2411.wav,orca,noise
devel_1625.wav,orca,noise
test_0262.wav,noise,orca
train_0614.wav,noise,noise
train_2519.wav,noise,noise
devel_0010.wav,noise,noise
test_4729.wav,noise,noise
train_1957.wav,noise,noise
train_2702.wav,noise,noise
test_2560.wav,noise,noise
devel_1280.wav,noise,noise
train_4246.wav,orca,noise
test_3663.wav,noise,noise
devel_2176.wav,noise,noise
train_3352.wav,orca,noise
train_2343.wav,orca,orca
test_1194.wav,noise,noise
train_1094.wav,noise,noise
train_3812.wav,noise,noise
train_4764.wav,noise,noise
train_2453.wav,noise,noise
train_4654.wav,noise,noise
devel_2120.wav,noise,noise
devel_0694.wav,noise,noise
train_3398.wav,noise,noise
devel_1906.wav,noise,noise
train_3175.wav,orca,orca
train_1772.wav,noise,noise
train_3864.wav,orca,noise
train_4042.wav,orca,orca
test_1130.wav,noise,noise
test_0108.wav,noise,noise
train_3705.wav,noise,noise
test_1758.wav,noise,noise
test_0343.wav,orca,noise
train_0510.wav,noise,noise
devel_2894.wav,noise,noise
train_3729.wav,noise,noise
test_2979.wav,noise,noise
test_4876.wav,noise,noise
train_3918.wav,orca,orca
train_2546.wav,noise,noise
test_0667.wav,noise,noise
test_4223.wav,orca,noise
train_3099.wav,noise,noise
train_2025.wav,noise,noise
test_4587.wav,noise,noise
train_0021.wav,noise,noise
test_4764.wav,noise,noise
test_1579.wav,noise,noise
test_1050.wav,noise,noise
train_3373.wav,noise,noise
devel_2208.wav,noise,noise
train_4607.wav,noise,noise
train_0115.wav,noise,noise
test_3599.wav,orca,orca
devel_2194.wav,noise,noise
train_3316.wav,orca,orca
devel_1427.wav,noise,noise
train_1748.wav,noise,noise
train_3843.wav,noise,noise
test_1239.wav,noise,noise
devel_1404.wav,noise,noise
test_2809.wav,noise,noise
train_4724.wav,noise,noise
test_4161.wav,noise,noise
test_4590.wav,noise,noise
train_0062.wav,noise,noise
devel_1323.wav,noise,noise
train_1342.wav,orca,noise
devel_0836.wav,noise,noise
test_2666.wav,noise,noise
test_4702.wav,noise,noise
test_3669.wav,noise,noise
train_4104.wav,noise,noise
train_4407.wav,noise,noise
test_3673.wav,noise,noise
test_4208.wav,noise,noise
test_1473.wav,orca,noise
train_0413.wav,noise,noise
train_3960.wav,noise,noise
test_2032.wav,noise,noise
test_0092.wav,noise,noise
devel_1230.wav,noise,noise
train_2671.wav,orca,noise
test_3726.wav,noise,noise
train_1877.wav,noise,noise
train_1983.wav,noise,noise
test_0878.wav,noise,orca
train_3848.wav,noise,noise
test_0897.wav,noise,noise
test_0368.wav,noise,noise
devel_1381.wav,orca,orca
test_1513.wav,noise,noise
devel_2557.wav,noise,noise
train_3814.wav,orca,noise
devel_3276.wav,noise,orca
train_2438.wav,noise,noise
test_4779.wav,noise,noise
test_2647.wav,noise,noise
train_4220.wav,noise,noise
test_4751.wav,noise,noise
devel_0344.wav,noise,noise
devel_3147.wav,orca,noise
train_0190.wav,noise,noise
train_4420.wav,noise,noise
devel_3076.wav,noise,noise
devel_2800.wav,noise,noise
test_2434.wav,noise,noise
devel_2254.wav,noise,noise
test_2955.wav,noise,noise
test_4806.wav,noise,noise
train_2599.wav,noise,noise
train_3971.wav,noise,noise
devel_2056.wav,noise,noise
train_3094.wav,noise,noise
test_2203.wav,orca,noise
test_4559.wav,orca,orca
train_4744.wav,orca,noise
devel_0656.wav,noise,noise
test_0713.wav,noise,noise
train_1335.wav,noise,noise
train_0534.wav,noise,noise
train_2443.wav,orca,noise
test_0310.wav,orca,noise
train_4219.wav,noise,noise
devel_1159.wav,orca,noise
train_0764.wav,orca,orca
train_4588.wav,noise,noise
train_4024.wav,noise,noise
train_3955.wav,noise,noise
devel_3002.wav,noise,noise
test_1933.wav,noise,noise
test_3396.wav,noise,noise
devel_3115.wav,noise,noise
train_0431.wav,noise,noise
test_3497.wav,noise,noise
train_0930.wav,noise,noise
train_0688.wav,noise,noise
train_2273.wav,noise,noise
devel_0933.wav,noise,noise
train_3245.wav,noise,noise
train_4430.wav,noise,noise
train_3689.wav,noise,noise
devel_3260.wav,noise,noise
test_0759.wav,noise,noise
test_3038.wav,noise,noise
train_2641.wav,orca,noise
train_3244.wav,noise,noise
test_2893.wav,orca,noise
devel_0512.wav,noise,noise
devel_1865.wav,noise,noise
train_4012.wav,noise,noise
devel_2152.wav,noise,noise
devel_1528.wav,noise,noise
devel_2601.wav,noise,noise
train_0770.wav,noise,noise
train_4295.wav,noise,noise
devel_3480.wav,noise,noise
devel_2139.wav,noise,noise
train_2312.wav,noise,noise
test_4283.wav,noise,noise
train_1226.wav,orca,noise
devel_1692.wav,noise,noise
test_1978.wav,noise,noise
test_0993.wav,noise,noise
devel_0184.wav,noise,noise
devel_1637.wav,noise,noise
train_4671.wav,noise,noise
devel_0681.wav,orca,noise
devel_2092.wav,noise,noise
test_2976.wav,noise,noise
train_0563.wav,noise,noise
devel_2275.wav,noise,noise
test_1908.wav,noise,noise
test_4413.wav,noise,noise
test_0894.wav,noise,noise
test_1014.wav,noise,noise
devel_1987.wav,noise,noise
devel_0606.wav,noise,noise
train_1310.wav,noise,noise
devel_1783.wav,noise,noise
train_4814.wav,noise,noise
test_3778.wav,noise,noise
train_3221.wav,orca,noise
devel_0367.wav,noise,noise
devel_0785.wav,noise,noise
devel_1504.wav,orca,noise
train_1928.wav,noise,noise
devel_3015.wav,orca,noise
train_4565.wav,noise,noise
test_4781.wav,orca,noise
test_3783.wav,noise,noise
train_1152.wav,noise,noise
train_1130.wav,noise,noise
devel_1174.wav,noise,noise
train_0111.wav,noise,noise
train_2242.wav,noise,noise
test_3824.wav,noise,orca
devel_1772.wav,noise,noise
test_1986.wav,noise,noise
test_3627.wav,noise,noise
devel_0242.wav,noise,noise
test_2123.wav,noise,noise
test_3886.wav,noise,noise
devel_1205.wav,noise,noise
train_3510.wav,noise,noise
devel_0469.wav,noise,noise
train_4798.wav,noise,noise
test_2308.wav,noise,noise
train_1209.wav,noise,noise
test_3619.wav,noise,noise
devel_2525.wav,noise,noise
devel_1073.wav,noise,noise
train_3478.wav,orca,orca
devel_3502.wav,noise,noise
test_1069.wav,orca,noise
test_2587.wav,noise,noise
devel_2052.wav,orca,noise
train_1328.wav,noise,noise
train_1299.wav,noise,noise
devel_0102.wav,noise,noise
train_4653.wav,noise,noise
test_2107.wav,noise,noise
test_1158.wav,noise,noise
train_0577.wav,noise,noise
train_4007.wav,noise,noise
train_4021.wav,noise,noise
train_1558.wav,noise,noise
train_0103.wav,noise,noise
train_2780.wav,orca,orca
train_0171.wav,noise,noise
train_2529.wav,noise,noise
test_3358.wav,orca,orca
train_0376.wav,orca,orca
devel_1027.wav,noise,noise
test_2448.wav,noise,noise
test_4694.wav,orca,noise
train_1742.wav,orca,orca
train_1838.wav,noise,orca
devel_3442.wav,orca,orca
devel_1108.wav,orca,noise
test_4452.wav,noise,noise
test_1648.wav,noise,noise
test_1939.wav,noise,noise
test_2762.wav,noise,noise
train_4376.wav,orca,noise
train_1719.wav,noise,noise
test_3098.wav,orca,orca
train_1565.wav,noise,noise
train_3136.wav,noise,noise
train_2754.wav,noise,noise
devel_0782.wav,noise,noise
devel_2168.wav,noise,noise
test_1197.wav,noise,noise
train_2916.wav,noise,noise
test_2381.wav,orca,noise
train_2601.wav,noise,noise
train_0667.wav,noise,noise
devel_1619.wav,orca,orca
devel_1353.wav,noise,noise
train_2649.wav,noise,noise
devel_2964.wav,noise,noise
devel_0334.wav,noise,noise
train_0896.wav,noise,noise
devel_3485.wav,noise,noise
train_0825.wav,noise,noise
test_0553.wav,noise,noise
devel_0149.wav,noise,noise
test_2457.wav,orca,noise
test_2289.wav,noise,noise
devel_0559.wav,orca,noise
train_2845.wav,noise,noise
train_3613.wav,noise,noise
test_3453.wav,noise,noise
train_2607.wav,orca,noise
train_3700.wav,noise,noise
train_4366.wav,noise,noise
test_4057.wav,noise,noise
test_4478.wav,noise,noise
test_1470.wav,orca,orca
train_4550.wav,noise,noise
test_3405.wav,noise,noise
devel_1407.wav,noise,noise
test_0635.wav,noise,noise
train_4481.wav,noise,noise
devel_1033.wav,orca,orca
train_3767.wav,orca,orca
test_4189.wav,noise,noise
test_4760.wav,noise,noise
train_0895.wav,noise,noise
devel_1676.wav,orca,orca
train_4529.wav,noise,noise
train_3781.wav,noise,noise
train_1008.wav,noise,noise
train_2675.wav,noise,noise
train_0057.wav,noise,noise
test_0261.wav,orca,noise
test_0755.wav,noise,noise
train_2954.wav,noise,noise
train_1409.wav,noise,noise
devel_2762.wav,noise,noise
test_1042.wav,noise,noise
train_0394.wav,noise,noise
devel_0405.wav,orca,noise
test_1577.wav,noise,noise
devel_3160.wav,noise,noise
train_1478.wav,orca,noise
train_4475.wav,noise,noise
train_2847.wav,noise,noise
devel_0274.wav,noise,noise
test_0423.wav,noise,noise
train_1945.wav,orca,noise
train_1612.wav,orca,noise
devel_1948.wav,orca,orca
train_4795.wav,noise,noise
train_0494.wav,orca,noise
train_4792.wav,noise,noise
train_0343.wav,noise,noise
test_3881.wav,noise,noise
test_0525.wav,noise,noise
test_0930.wav,noise,noise
train_2478.wav,noise,orca
train_1781.wav,orca,orca
devel_2435.wav,noise,noise
train_3329.wav,orca,orca
test_4269.wav,noise,noise
test_3912.wav,orca,noise
test_3225.wav,noise,noise
test_0994.wav,noise,noise
test_2051.wav,noise,noise
test_4360.wav,noise,noise
devel_2707.wav,noise,noise
devel_0356.wav,noise,noise
test_0840.wav,noise,noise
devel_0320.wav,noise,noise
devel_1454.wav,noise,noise
devel_1909.wav,noise,noise
devel_2898.wav,noise,noise
train_2428.wav,noise,noise
test_3671.wav,noise,noise
train_2626.wav,noise,noise
devel_2399.wav,noise,noise
test_3357.wav,noise,noise
test_1732.wav,orca,orca
devel_2469.wav,noise,noise
test_5022.wav,noise,noise
train_2358.wav,noise,noise
devel_2805.wav,noise,noise
test_1657.wav,noise,noise
train_2843.wav,noise,noise
test_4167.wav,noise,noise
train_3577.wav,noise,noise
test_2442.wav,noise,noise
train_3658.wav,noise,noise
test_0320.wav,orca,orca
test_2745.wav,noise,noise
train_1813.wav,noise,noise
train_0581.wav,noise,noise
train_1276.wav,noise,noise
test_1585.wav,noise,noise
test_1692.wav,orca,noise
train_3545.wav,noise,noise
test_3207.wav,noise,noise
train_4736.wav,noise,noise
train_1994.wav,noise,noise
train_3578.wav,noise,noise
train_1860.wav,noise,noise
train_3683.wav,noise,noise
devel_2983.wav,noise,noise
test_1210.wav,noise,noise
train_1926.wav,noise,noise
devel_0558.wav,noise,noise
devel_3240.wav,noise,noise
devel_0418.wav,noise,noise
test_1710.wav,noise,noise
train_3972.wav,noise,noise
test_1169.wav,noise,noise
test_4101.wav,noise,noise
train_2787.wav,noise,noise
train_3117.wav,noise,noise
test_0810.wav,noise,noise
train_4364.wav,noise,noise
train_4604.wav,noise,noise
test_5026.wav,noise,noise
devel_2960.wav,noise,noise
test_3656.wav,noise,noise
train_3229.wav,noise,noise
test_1179.wav,noise,noise
test_2755.wav,noise,noise
test_2180.wav,orca,noise
devel_3396.wav,noise,noise
devel_0270.wav,orca,noise
test_4239.wav,noise,noise
train_3492.wav,noise,noise
train_1757.wav,noise,noise
test_1202.wav,noise,noise
train_0024.wav,noise,noise
test_1789.wav,orca,orca
test_4536.wav,noise,noise
train_4279.wav,noise,noise
devel_2676.wav,noise,noise
test_4350.wav,noise,noise
devel_2213.wav,noise,noise
train_0948.wav,noise,noise
devel_0871.wav,noise,noise
test_1031.wav,noise,noise
devel_2009.wav,noise,noise
test_2124.wav,noise,noise
train_1156.wav,noise,noise
train_3027.wav,noise,noise
train_2220.wav,orca,orca
test_3821.wav,noise,noise
devel_1318.wav,orca,noise
train_0707.wav,noise,noise
devel_0078.wav,noise,noise
train_0660.wav,noise,noise
train_2261.wav,orca,orca
devel_2070.wav,noise,noise
test_2193.wav,noise,noise
devel_0963.wav,noise,noise
test_1613.wav,noise,noise
test_3031.wav,noise,noise
train_1639.wav,noise,noise
test_1658.wav,orca,orca
test_4743.wav,noise,noise
devel_3342.wav,noise,noise
test_4693.wav,noise,noise
test_1832.wav,noise,noise
test_3246.wav,noise,noise
train_3749.wav,noise,noise
devel_1976.wav,noise,noise
test_0431.wav,noise,noise
devel_1226.wav,noise,noise
devel_1334.wav,noise,noise
devel_0655.wav,orca,noise
test_3690.wav,noise,noise
devel_3416.wav,noise,noise
test_0921.wav,noise,noise
devel_0251.wav,noise,noise
devel_3325.wav,noise,noise
test_4431.wav,noise,noise
devel_3321.wav,orca,orca
train_2479.wav,noise,noise
devel_0044.wav,noise,noise
train_4639.wav,noise,noise
train_1466.wav,orca,noise
test_1828.wav,noise,noise
test_0864.wav,noise,noise
devel_0749.wav,noise,noise
test_1895.wav,noise,noise
test_4966.wav,noise,noise
train_4596.wav,noise,noise
train_2359.wav,noise,noise
devel_2050.wav,orca,noise
train_2259.wav,noise,noise
test_4164.wav,noise,noise
devel_1709.wav,noise,noise
train_2743.wav,noise,noise
devel_3136.wav,noise,noise
train_4478.wav,noise,noise
devel_0547.wav,noise,noise
test_1309.wav,noise,noise
test_2422.wav,orca,noise
train_1992.wav,orca,noise
test_3163.wav,noise,noise
test_2808.wav,noise,noise
train_4208.wav,noise,noise
train_2927.wav,noise,noise
train_0401.wav,noise,noise
devel_0053.wav,noise,noise
test_4348.wav,noise,noise
test_0367.wav,noise,noise
train_1198.wav,noise,noise
train_1619.wav,noise,noise
train_4181.wav,noise,noise
devel_2861.wav,noise,noise
devel_2725.wav,noise,noise
train_1727.wav,noise,noise
train_0355.wav,noise,noise
test_2159.wav,orca,noise
train_4797.wav,noise,noise
test_4594.wav,noise,noise
train_0027.wav,noise,noise
train_2001.wav,noise,noise
test_3612.wav,noise,noise
test_0526.wav,noise,noise
train_0947.wav,noise,noise
train_1187.wav,noise,noise
devel_0776.wav,orca,noise
test_1135.wav,noise,noise
devel_1821.wav,noise,noise
train_1316.wav,orca,orca
train_4048.wav,noise,noise
train_4385.wav,noise,noise
test_2384.wav,noise,noise
test_3570.wav,noise,noise
train_1999.wav,orca,noise
devel_1777.wav,orca,noise
train_1856.wav,noise,noise
devel_2556.wav,noise,noise
test_0011.wav,noise,noise
train_2763.wav,noise,noise
train_3336.wav,noise,noise
devel_3269.wav,noise,noise
train_1140.wav,noise,noise
test_3082.wav,noise,noise
devel_3332.wav,orca,noise
test_2208.wav,noise,noise
train_0204.wav,noise,noise
test_2744.wav,noise,noise
test_4316.wav,noise,noise
devel_1878.wav,orca,noise
train_2123.wav,orca,noise
devel_2981.wav,orca,noise
devel_2522.wav,noise,noise
devel_2362.wav,noise,noise
test_4096.wav,noise,noise
test_4641.wav,noise,noise
train_2517.wav,noise,noise
devel_2843.wav,orca,orca
test_2133.wav,noise,noise
train_1402.wav,noise,noise
train_3764.wav,noise,noise
train_2316.wav,orca,orca
devel_0263.wav,noise,noise
devel_3056.wav,noise,noise
devel_0537.wav,noise,noise
train_2047.wav,noise,noise
test_3809.wav,noise,noise
test_3185.wav,noise,noise
train_0676.wav,orca,noise
test_0405.wav,noise,noise
train_4129.wav,noise,noise
test_3697.wav,noise,noise
devel_3311.wav,noise,noise
train_4148.wav,orca,orca
train_3205.wav,orca,noise
test_0424.wav,noise,noise
train_3234.wav,orca,orca
devel_1352.wav,noise,noise
test_3512.wav,noise,noise
devel_3238.wav,noise,noise
test_3359.wav,orca,noise
train_1211.wav,noise,noise
test_3143.wav,orca,noise
test_1595.wav,noise,noise
test_1841.wav,noise,noise
test_0353.wav,orca,orca
train_1507.wav,orca,orca
train_3862.wav,noise,noise
train_2603.wav,noise,noise
devel_2122.wav,noise,noise
train_2693.wav,noise,noise
test_2087.wav,noise,noise
test_5063.wav,noise,noise
train_3309.wav,noise,noise
train_4233.wav,orca,noise
test_0622.wav,noise,noise
train_0326.wav,noise,noise
test_3055.wav,orca,noise
devel_3509.wav,noise,noise
devel_0094.wav,noise,noise
test_1566.wav,noise,noise
test_3601.wav,noise,noise
devel_0108.wav,noise,noise
train_0199.wav,noise,noise
test_4249.wav,noise,noise
train_4371.wav,noise,noise
devel_2755.wav,orca,noise
train_4705.wav,noise,noise
train_3521.wav,noise,noise
test_1740.wav,noise,orca
train_0588.wav,orca,noise
train_2080.wav,noise,noise
train_2564.wav,noise,noise
devel_1524.wav,noise,noise
train_0967.wav,orca,orca
devel_1213.wav,noise,noise
test_1232.wav,orca,noise
train_4170.wav,orca,noise
devel_1031.wav,noise,noise
train_0483.wav,noise,noise
test_4745.wav,noise,noise
devel_0593.wav,orca,noise
train_4446.wav,noise,noise
devel_2320.wav,orca,noise
test_4484.wav,noise,noise
train_4240.wav,noise,noise
test_1225.wav,orca,noise
test_3564.wav,noise,noise
devel_3031.wav,noise,noise
test_4488.wav,noise,noise
train_1596.wav,noise,noise
train_3158.wav,noise,noise
test_3064.wav,noise,noise
train_0438.wav,noise,noise
devel_0068.wav,noise,noise
train_2586.wav,noise,noise
test_2624.wav,noise,noise
test_4681.wav,orca,noise
test_1821.wav,orca,noise
train_1432.wav,noise,noise
test_0794.wav,orca,orca
devel_0883.wav,noise,noise
devel_2611.wav,noise,noise
test_2004.wav,orca,noise
train_3732.wav,orca,orca
test_0582.wav,noise,noise
test_3665.wav,orca,noise
train_1227.wav,orca,noise
train_3481.wav,noise,noise
test_2682.wav,noise,noise
train_2458.wav,noise,noise
test_3788.wav,noise,noise
test_4204.wav,orca,noise
devel_2551.wav,noise,noise
train_2776.wav,noise,noise
devel_0488.wav,noise,noise
test_4878.wav,orca,noise
train_0835.wav,noise,noise
devel_3500.wav,noise,noise
train_2808.wav,noise,noise
devel_2372.wav,noise,noise
test_4731.wav,noise,noise
train_3631.wav,noise,noise
test_2236.wav,noise,noise
train_1638.wav,noise,noise
train_0034.wav,noise,noise
devel_3214.wav,noise,noise
test_3213.wav,noise,noise
devel_1539.wav,noise,noise
test_2326.wav,noise,noise
test_2265.wav,noise,noise
test_3432.wav,noise,noise
train_0471.wav,noise,noise
test_4182.wav,noise,noise
train_1540.wav,orca,noise
train_3909.wav,noise,noise
train_1721.wav,noise,noise
test_1548.wav,noise,noise
train_2949.wav,noise,noise
test_3581.wav,noise,orca
test_3149.wav,noise,noise
devel_2632.wav,noise,noise
train_0290.wav,noise,noise
train_4184.wav,noise,noise
train_2943.wav,noise,noise
test_5068.wav,noise,noise
devel_2481.wav,noise,noise
devel_3359.wav,noise,noise
train_1336.wav,noise,noise
devel_3483.wav,noise,noise
train_4141.wav,noise,noise
devel_1154.wav,orca,orca
devel_1049.wav,noise,noise
train_2613.wav,noise,noise
train_0348.wav,orca,noise
train_3986.wav,noise,noise
train_3543.wav,orca,orca
test_0133.wav,noise,noise
devel_1552.wav,noise,noise
devel_3198.wav,noise,noise
train_2945.wav,noise,noise
train_3037.wav,noise,noise
devel_2865.wav,noise,noise
train_2861.wav,noise,noise
test_1443.wav,orca,noise
devel_1130.wav,noise,noise
train_0477.wav,noise,noise
test_4647.wav,orca,noise
train_0112.wav,noise,noise
test_1626.wav,noise,noise
test_1567.wav,noise,orca
train_3552.wav,noise,noise
devel_1900.wav,noise,noise
test_3070.wav,orca,noise
train_3382.wav,noise,noise
test_3954.wav,orca,orca
devel_3220.wav,noise,noise
test_2847.wav,noise,noise
test_1602.wav,noise,noise
train_4263.wav,noise,noise
test_4289.wav,noise,noise
test_1415.wav,noise,noise
devel_1074.wav,orca,noise
test_4770.wav,noise,noise
devel_1858.wav,noise,noise
train_3725.wav,noise,noise
train_1019.wav,noise,noise
train_3810.wav,noise,noise
train_2156.wav,noise,noise
test_2250.wav,noise,noise
devel_0415.wav,noise,noise
train_0181.wav,noise,noise
train_1673.wav,noise,noise
train_3838.wav,orca,orca
devel_2782.wav,noise,noise
test_1734.wav,orca,noise
train_1791.wav,noise,noise
train_3302.wav,noise,noise
train_2701.wav,noise,noise
test_2905.wav,orca,noise
test_1321.wav,orca,noise
test_1715.wav,noise,noise
test_1393.wav,noise,noise
test_3533.wav,noise,noise
train_3457.wav,orca,noise
devel_1091.wav,noise,noise
train_0302.wav,noise,noise
devel_1613.wav,noise,noise
test_0809.wav,noise,noise
train_3265.wav,orca,noise
test_4441.wav,orca,noise
devel_2249.wav,noise,noise
train_4698.wav,noise,noise
train_1995.wav,noise,noise
test_3600.wav,noise,noise
test_2951.wav,noise,noise
test_0212.wav,noise,noise
test_0263.wav,noise,noise
test_3181.wav,noise,noise
test_1983.wav,noise,noise
devel_0983.wav,noise,noise
test_4386.wav,orca,noise
devel_1995.wav,noise,noise
test_4614.wav,noise,noise
test_0552.wav,noise,noise
devel_3259.wav,noise,noise
devel_0389.wav,noise,noise
test_2889.wav,noise,noise
devel_0492.wav,noise,noise
devel_2889.wav,noise,noise
train_4173.wav,noise,noise
test_1586.wav,noise,noise
train_1305.wav,noise,noise
devel_2095.wav,noise,orca
test_1131.wav,orca,orca
test_3330.wav,noise,noise
test_2345.wav,noise,noise
train_1918.wav,noise,noise
train_2367.wav,noise,noise
test_4616.wav,noise,noise
devel_1819.wav,noise,noise
devel_2723.wav,noise,noise
devel_1671.wav,noise,noise
train_0481.wav,noise,noise
test_0057.wav,noise,noise
test_1753.wav,noise,noise
test_4377.wav,noise,noise
test_0477.wav,noise,orca
train_3959.wav,noise,noise
test_4561.wav,noise,noise
train_0209.wav,orca,noise
test_2636.wav,orca,orca
test_0879.wav,noise,noise
train_3622.wav,noise,noise
devel_1729.wav,noise,noise
devel_1811.wav,noise,noise
test_2688.wav,noise,noise
test_4049.wav,noise,noise
test_0857.wav,orca,noise
train_3762.wav,noise,noise
devel_3046.wav,noise,noise
test_2569.wav,orca,noise
test_4969.wav,noise,noise
train_2948.wav,noise,noise
train_0725.wav,noise,noise
test_5034.wav,orca,noise
test_2843.wav,noise,noise
train_4453.wav,noise,noise
test_1345.wav,noise,noise
devel_1419.wav,noise,noise
test_1890.wav,noise,noise
train_3644.wav,orca,noise
train_2872.wav,noise,noise
devel_0949.wav,noise,noise
train_3569.wav,noise,noise
devel_2645.wav,noise,noise
devel_0170.wav,noise,noise
test_2989.wav,noise,noise
test_1622.wav,noise,noise
train_2873.wav,noise,noise
test_2821.wav,noise,orca
devel_2067.wav,orca,orca
test_4748.wav,noise,noise
devel_2366.wav,noise,noise
train_4817.wav,noise,noise
devel_0304.wav,orca,orca
test_1137.wav,noise,noise
test_3127.wav,orca,noise
test_1915.wav,noise,noise
test_0445.wav,noise,noise
devel_1914.wav,orca,orca
devel_3006.wav,noise,noise
test_2209.wav,orca,orca
train_4158.wav,orca,noise
train_0139.wav,noise,noise
train_2672.wav,orca,orca
train_0654.wav,noise,noise
train_2095.wav,noise,noise
devel_0333.wav,noise,noise
train_3906.wav,noise,noise
train_3614.wav,noise,noise
test_2965.wav,noise,noise
test_3339.wav,noise,noise
test_0210.wav,noise,noise
test_1061.wav,noise,noise
test_3016.wav,noise,noise
train_1824.wav,noise,noise
test_0700.wav,noise,noise
test_4240.wav,orca,noise
devel_3108.wav,noise,noise
devel_2620.wav,noise,noise
devel_0875.wav,noise,noise
devel_2416.wav,noise,noise
devel_3172.wav,orca,noise
train_2140.wav,orca,noise
train_2575.wav,noise,noise
devel_1219.wav,noise,noise
train_2214.wav,noise,noise
test_3817.wav,noise,noise
train_0772.wav,noise,noise
test_4964.wav,orca,orca
test_4287.wav,noise,noise
test_3288.wav,noise,noise
test_4547.wav,noise,noise
test_1693.wav,noise,noise
devel_0129.wav,noise,noise
test_3517.wav,noise,noise
test_3202.wav,noise,noise
train_1598.wav,orca,orca
devel_0597.wav,noise,noise
devel_2075.wav,orca,noise
test_1969.wav,noise,noise
train_3737.wav,orca,noise
devel_0670.wav,noise,noise
train_2766.wav,orca,noise
test_1846.wav,orca,noise
devel_1296.wav,orca,noise
devel_3137.wav,orca,noise
test_0636.wav,orca,noise
test_1185.wav,noise,noise
devel_2582.wav,noise,noise
train_1500.wav,orca,orca
test_3588.wav,noise,noise
train_3778.wav,noise,noise
test_4913.wav,orca,orca
devel_2229.wav,noise,noise
test_4975.wav,noise,noise
test_3109.wav,noise,noise
train_0070.wav,noise,noise
train_3526.wav,noise,noise
test_0110.wav,noise,noise
test_3504.wav,orca,noise
train_3154.wav,noise,noise
devel_2160.wav,noise,noise
train_2451.wav,noise,noise
train_1932.wav,noise,noise
train_3897.wav,noise,noise
devel_1542.wav,noise,noise
train_0562.wav,noise,noise
devel_0761.wav,orca,noise
devel_1867.wav,noise,noise
train_4530.wav,orca,noise
test_5058.wav,noise,noise
devel_3109.wav,noise,noise
train_2390.wav,noise,noise
train_2005.wav,noise,noise
test_2445.wav,noise,noise
devel_1043.wav,noise,noise
train_3191.wav,noise,noise
test_2570.wav,orca,noise
train_3073.wav,noise,noise
devel_3376.wav,noise,noise
train_2350.wav,noise,noise
devel_2125.wav,orca,noise
devel_0295.wav,noise,noise
devel_2856.wav,noise,noise
test_2946.wav,noise,noise
train_0313.wav,noise,noise
test_4086.wav,noise,noise
devel_0105.wav,noise,noise
test_4439.wav,noise,noise
train_2935.wav,noise,noise
test_0475.wav,noise,noise
test_4276.wav,noise,noise
test_1019.wav,noise,noise
devel_3036.wav,noise,noise
train_3272.wav,orca,orca
train_2101.wav,orca,noise
devel_1969.wav,noise,noise
test_1211.wav,orca,noise
devel_0093.wav,noise,noise
train_0665.wav,noise,noise
devel_0912.wav,orca,orca
train_4662.wav,noise,noise
test_4399.wav,noise,noise
devel_1304.wav,noise,noise
train_0409.wav,noise,noise
devel_3314.wav,noise,noise
test_3790.wav,noise,noise
devel_0898.wav,orca,noise
devel_0636.wav,noise,noise
test_2336.wav,noise,noise
devel_3411.wav,noise,noise
devel_1358.wav,noise,noise
devel_3439.wav,noise,noise
test_2761.wav,orca,orca
devel_3195.wav,noise,noise
devel_2064.wav,orca,orca
train_1272.wav,orca,orca
train_0183.wav,noise,noise
devel_2197.wav,orca,noise
devel_1218.wav,noise,noise
train_2361.wav,noise,noise
train_4311.wav,noise,noise
test_2741.wav,orca,noise
train_1767.wav,orca,noise
train_2870.wav,orca,orca
train_0672.wav,noise,noise
devel_3504.wav,noise,noise
train_4754.wav,noise,noise
test_2473.wav,orca,noise
train_0791.wav,noise,noise
devel_1680.wav,noise,noise
devel_2756.wav,noise,noise
train_4549.wav,noise,noise
test_3324.wav,orca,orca
devel_0731.wav,noise,noise
train_1461.wav,noise,noise
train_1158.wav,noise,noise
test_3522.wav,noise,noise
test_0054.wav,noise,orca
train_1803.wav,noise,noise
train_1579.wav,orca,noise
train_0341.wav,noise,noise
test_2835.wav,noise,noise
train_4372.wav,noise,noise
devel_3288.wav,noise,noise
train_1113.wav,noise,noise
train_1809.wav,noise,noise
devel_0984.wav,orca,orca
train_2958.wav,noise,noise
train_3141.wav,noise,noise
devel_3503.wav,orca,orca
test_4973.wav,orca,orca
test_1009.wav,noise,noise
test_0363.wav,noise,noise
test_3382.wav,orca,noise
train_4629.wav,noise,noise
test_4078.wav,orca,noise
devel_0653.wav,noise,noise
test_1039.wav,noise,noise
test_2633.wav,noise,noise
devel_1638.wav,noise,noise
train_1414.wav,noise,noise
train_4396.wav,noise,noise
test_2292.wav,noise,noise
train_0193.wav,noise,noise
devel_1163.wav,noise,noise
test_3224.wav,noise,noise
test_2443.wav,noise,noise
devel_1877.wav,noise,noise
devel_3011.wav,noise,noise
train_3411.wav,orca,noise
devel_2178.wav,noise,noise
train_2714.wav,noise,noise
test_2782.wav,noise,noise
devel_2166.wav,orca,orca
devel_1239.wav,noise,noise
devel_1092.wav,orca,noise
train_0981.wav,orca,orca
train_4794.wav,noise,noise
test_1713.wav,noise,noise
test_0251.wav,orca,orca
test_2440.wav,noise,noise
devel_0195.wav,noise,noise
test_3077.wav,noise,noise
test_3587.wav,noise,noise
devel_3384.wav,noise,noise
train_4422.wav,noise,noise
test_0413.wav,noise,noise
train_4056.wav,noise,noise
train_2837.wav,noise,noise
train_2839.wav,noise,noise
train_0331.wav,noise,noise
test_1116.wav,noise,noise
test_2910.wav,noise,noise
train_4440.wav,noise,noise
test_1760.wav,noise,noise
test_3985.wav,noise,noise
train_0574.wav,orca,noise
devel_1326.wav,orca,noise
train_0126.wav,noise,noise
devel_3488.wav,orca,noise
train_0414.wav,noise,noise
train_0444.wav,noise,noise
test_0231.wav,noise,noise
train_2202.wav,orca,orca
test_1457.wav,noise,noise
devel_2096.wav,orca,noise
devel_3448.wav,noise,noise
train_3685.wav,noise,noise
devel_1172.wav,noise,noise
train_3686.wav,noise,noise
devel_0197.wav,noise,noise
test_2527.wav,noise,noise
test_1733.wav,noise,noise
train_3326.wav,noise,noise
test_4337.wav,noise,noise
test_0935.wav,noise,noise
test_1278.wav,noise,noise
devel_3018.wav,orca,orca
devel_0063.wav,noise,noise
devel_2406.wav,noise,noise
test_3349.wav,noise,noise
train_0830.wav,noise,noise
test_3964.wav,noise,noise
test_4087.wav,orca,noise
test_0036.wav,noise,noise
train_1077.wav,orca,orca
test_4859.wav,noise,orca
train_0604.wav,noise,noise
train_3692.wav,noise,noise
train_0009.wav,orca,orca
test_0957.wav,noise,noise
train_3375.wav,noise,noise
train_4339.wav,noise,noise
test_4120.wav,noise,noise
train_3135.wav,noise,noise
train_0580.wav,noise,noise
train_1509.wav,noise,noise
test_2263.wav,noise,orca
test_4737.wav,noise,noise
test_1609.wav,noise,noise
devel_2311.wav,noise,noise
test_4934.wav,orca,noise
train_1443.wav,noise,noise
devel_0662.wav,noise,orca
devel_2127.wav,noise,noise
train_3751.wav,noise,noise
devel_1721.wav,noise,noise
devel_3451.wav,noise,noise
train_2678.wav,noise,noise
train_0979.wav,noise,noise
test_2798.wav,orca,noise
train_0778.wav,noise,noise
test_3711.wav,noise,noise
train_3388.wav,noise,noise
devel_3025.wav,noise,orca
devel_0119.wav,noise,noise
test_3409.wav,orca,noise
test_2658.wav,noise,noise
test_3689.wav,noise,noise
test_0383.wav,noise,noise
test_0969.wav,orca,noise
train_1442.wav,noise,noise
test_2007.wav,noise,noise
test_2115.wav,noise,noise
train_3124.wav,noise,noise
test_0872.wav,noise,noise
devel_0746.wav,noise,noise
train_2950.wav,orca,noise
train_0663.wav,noise,noise
devel_1301.wav,noise,noise
devel_2942.wav,orca,noise
devel_2113.wav,noise,noise
test_2182.wav,orca,noise
test_0874.wav,noise,noise
devel_1724.wav,noise,noise
test_4338.wav,noise,noise
test_2240.wav,noise,noise
test_1673.wav,orca,noise
train_2467.wav,noise,noise
train_4215.wav,noise,noise
test_4586.wav,noise,noise
test_1883.wav,noise,orca
train_4425.wav,noise,noise
devel_3318.wav,orca,noise
train_3429.wav,noise,noise
test_2009.wav,noise,orca
devel_0989.wav,noise,noise
devel_0931.wav,noise,noise
train_4542.wav,noise,noise
test_4589.wav,orca,noise
train_3258.wav,noise,noise
test_1999.wav,noise,noise
test_4426.wav,noise,noise
train_1320.wav,noise,noise
test_2743.wav,orca,noise
devel_0814.wav,orca,noise
devel_0161.wav,noise,noise
devel_0624.wav,noise,noise
train_1401.wav,noise,noise
train_2051.wav,noise,noise
test_1572.wav,noise,noise
train_0951.wav,noise,noise
train_3300.wav,noise,noise
train_2982.wav,noise,noise
devel_2240.wav,noise,noise
train_0087.wav,orca,orca
train_3023.wav,noise,noise
train_1323.wav,noise,noise
train_4591.wav,noise,orca
test_3850.wav,noise,noise
test_4857.wav,noise,orca
devel_0546.wav,noise,noise
train_0555.wav,noise,noise
test_1456.wav,noise,noise
train_0037.wav,noise,noise
test_3859.wav,orca,noise
train_3944.wav,noise,noise
devel_2946.wav,noise,noise
train_2938.wav,noise,noise
devel_2866.wav,orca,orca
test_2908.wav,noise,noise
train_2196.wav,orca,noise
train_1177.wav,noise,noise
test_1306.wav,noise,noise
test_3461.wav,noise,noise
devel_2750.wav,noise,noise
train_0502.wav,orca,orca
train_2727.wav,noise,noise
train_0455.wav,noise,noise
train_0223.wav,noise,noise
train_3758.wav,orca,noise
devel_3068.wav,noise,noise
train_1386.wav,orca,orca
train_3985.wav,orca,noise
train_3947.wav,noise,noise
train_3028.wav,noise,noise
test_3896.wav,noise,noise
test_4597.wav,noise,noise
train_4355.wav,orca,noise
test_1647.wav,noise,noise
test_4573.wav,noise,noise
train_4745.wav,noise,noise
train_1479.wav,noise,noise
train_0484.wav,noise,noise
test_2711.wav,noise,noise
train_3806.wav,noise,noise
devel_1200.wav,orca,orca
train_2233.wav,noise,noise
train_1588.wav,noise,noise
devel_2979.wav,noise,noise
devel_2465.wav,noise,noise
test_3603.wav,noise,noise
devel_1533.wav,noise,noise
train_4014.wav,noise,noise
test_3654.wav,noise,noise
test_1540.wav,noise,noise
devel_2505.wav,noise,noise
devel_0111.wav,noise,noise
devel_2462.wav,noise,noise
train_0492.wav,noise,noise
test_2378.wav,noise,noise
devel_1447.wav,noise,noise
train_3627.wav,orca,orca
devel_1826.wav,noise,noise
test_0281.wav,noise,noise
test_1678.wav,noise,noise
devel_2559.wav,noise,noise
test_1224.wav,noise,noise
train_2993.wav,noise,noise
devel_0840.wav,orca,noise
test_1793.wav,noise,noise
test_0616.wav,orca,noise
test_4907.wav,noise,noise
test_2665.wav,noise,noise
test_2980.wav,noise,noise
train_2698.wav,orca,noise
train_0913.wav,noise,noise
test_0437.wav,noise,noise
test_2531.wav,noise,noise
test_3281.wav,orca,noise
test_3608.wav,noise,noise
train_1457.wav,noise,noise
test_3451.wav,noise,noise
train_2643.wav,noise,noise
train_0795.wav,noise,orca
train_3122.wav,noise,noise
train_0689.wav,noise,noise
test_3577.wav,noise,noise
train_2606.wav,noise,noise
devel_0150.wav,noise,noise
train_4344.wav,noise,noise
train_1559.wav,noise,noise
devel_1375.wav,noise,noise
devel_3085.wav,noise,noise
train_3965.wav,noise,noise
test_4372.wav,orca,noise
test_2352.wav,noise,noise
train_0252.wav,orca,noise
train_1823.wav,noise,noise
train_0301.wav,orca,noise
devel_0780.wav,noise,noise
train_0294.wav,noise,noise
test_0295.wav,noise,noise
devel_3394.wav,noise,noise
devel_2164.wav,noise,noise
devel_1056.wav,noise,noise
test_4033.wav,orca,orca
train_0166.wav,orca,orca
devel_0737.wav,noise,noise
train_1067.wav,orca,orca
test_3746.wav,noise,noise
train_0517.wav,noise,noise
test_4678.wav,orca,noise
devel_1070.wav,noise,noise
devel_3163.wav,noise,noise
test_4388.wav,noise,noise
devel_0043.wav,noise,noise
train_4189.wav,noise,noise
test_0556.wav,noise,orca
devel_2913.wav,noise,noise
test_4144.wav,noise,noise
devel_0996.wav,noise,noise
test_3518.wav,noise,noise
train_0430.wav,noise,noise
train_1576.wav,noise,noise
train_3695.wav,noise,noise
train_4633.wav,orca,noise
test_1805.wav,orca,orca
test_4771.wav,orca,orca
test_0905.wav,orca,noise
train_0666.wav,noise,noise
train_4494.wav,noise,noise
train_4108.wav,orca,noise
test_0488.wav,noise,noise
train_1392.wav,noise,noise
test_3868.wav,noise,noise
devel_2754.wav,noise,noise
train_2201.wav,noise,noise
test_3869.wav,noise,noise
train_2105.wav,orca,noise
train_2089.wav,noise,noise
train_1784.wav,noise,noise
test_1296.wav,noise,noise
test_4017.wav,noise,noise
test_4749.wav,noise,noise
test_4291.wav,noise,noise
train_1582.wav,noise,noise
devel_0296.wav,noise,noise
test_4055.wav,noise,noise
train_0527.wav,noise,noise
train_1363.wav,noise,noise
devel_1487.wav,noise,noise
devel_2735.wav,noise,noise
test_5047.wav,orca,noise
train_4500.wav,noise,noise
train_0809.wav,orca,noise
test_0392.wav,noise,noise
train_0475.wav,noise,noise
test_3177.wav,noise,noise
devel_2409.wav,orca,noise
test_1604.wav,noise,noise
devel_3426.wav,noise,noise
devel_1994.wav,noise,noise
devel_2087.wav,orca,orca
test_0764.wav,noise,noise
devel_1064.wav,noise,noise
devel_1894.wav,noise,noise
test_4998.wav,noise,noise
devel_3308.wav,orca,noise
devel_0896.wav,noise,noise
devel_1660.wav,noise,noise
test_2423.wav,noise,noise
train_2497.wav,noise,noise
test_3364.wav,noise,noise
devel_0685.wav,noise,noise
train_1921.wav,orca,orca
train_0827.wav,noise,noise
train_2552.wav,noise,noise
train_4100.wav,noise,noise
test_3558.wav,noise,orca
train_1315.wav,orca,noise
train_4804.wav,noise,noise
train_4682.wav,noise,noise
test_4646.wav,noise,noise
test_2243.wav,noise,noise
devel_1020.wav,noise,noise
train_2163.wav,noise,noise
train_2464.wav,noise,noise
test_2499.wav,noise,noise
test_3032.wav,noise,noise
devel_2301.wav,noise,noise
devel_0330.wav,noise,noise
train_2341.wav,noise,noise
devel_0769.wav,noise,noise
train_1341.wav,noise,noise
test_4767.wav,noise,noise
devel_1144.wav,noise,noise
test_0379.wav,noise,noise
devel_1691.wav,orca,orca
test_4061.wav,noise,noise
train_0417.wav,noise,noise
train_3535.wav,noise,noise
test_0215.wav,orca,orca
train_2631.wav,noise,noise
train_4347.wav,orca,noise
train_0374.wav,noise,noise
train_1106.wav,noise,noise
test_0457.wav,noise,noise
test_3219.wav,orca,orca
devel_0376.wav,noise,noise
train_4041.wav,noise,noise
devel_1989.wav,orca,orca
test_4430.wav,orca,noise
devel_3467.wav,orca,noise
train_0591.wav,noise,noise
train_2296.wav,noise,noise
test_3410.wav,noise,noise
devel_2558.wav,noise,noise
test_2015.wav,orca,orca
test_2305.wav,noise,noise
test_4420.wav,orca,noise
devel_2287.wav,noise,noise
train_4769.wav,orca,noise
test_3728.wav,noise,noise
devel_2931.wav,orca,orca
test_5024.wav,noise,noise
test_3814.wav,noise,noise
test_0421.wav,noise,noise
train_0364.wav,noise,noise
devel_1356.wav,noise,noise
train_0733.wav,orca,noise
test_3411.wav,noise,noise
train_1743.wav,noise,noise
devel_1357.wav,orca,orca
test_4917.wav,noise,noise
train_4324.wav,noise,noise
test_4160.wav,noise,noise
test_1271.wav,noise,noise
test_0347.wav,noise,noise
test_2656.wav,orca,orca
devel_1021.wav,noise,noise
train_2506.wav,noise,noise
train_3103.wav,orca,noise
devel_0602.wav,noise,noise
test_3180.wav,noise,noise
test_0438.wav,noise,noise
devel_0844.wav,orca,orca
devel_2394.wav,noise,noise
devel_3278.wav,noise,orca
test_2054.wav,noise,noise
test_3027.wav,noise,noise
train_4757.wav,noise,noise
train_0347.wav,noise,noise
test_4976.wav,orca,noise
test_3428.wav,orca,noise
train_2952.wav,noise,noise
train_3715.wav,noise,noise
train_0466.wav,noise,noise
devel_2947.wav,noise,noise
train_4574.wav,noise,noise
test_1935.wav,noise,noise
train_2963.wav,orca,noise
devel_2393.wav,noise,noise
train_0670.wav,orca,orca
test_2500.wav,orca,orca
test_2380.wav,noise,noise
test_4652.wav,noise,noise
devel_2382.wav,noise,noise
test_1127.wav,noise,noise
test_5012.wav,noise,noise
train_4601.wav,orca,noise
train_0636.wav,noise,noise
train_0550.wav,orca,noise
devel_1126.wav,orca,noise
train_2611.wav,noise,noise
test_1398.wav,noise,noise
devel_1820.wav,noise,noise
test_1246.wav,noise,noise
train_2526.wav,noise,noise
train_3585.wav,noise,noise
train_2122.wav,noise,noise
devel_2322.wav,orca,noise
train_1080.wav,orca,noise
devel_1570.wav,noise,noise
train_1602.wav,noise,noise
train_2525.wav,noise,noise
train_4648.wav,noise,noise
test_2884.wav,orca,noise
train_2514.wav,noise,noise
devel_2175.wav,noise,noise
test_4654.wav,noise,noise
train_3207.wav,noise,noise
devel_2083.wav,orca,orca
devel_0167.wav,noise,noise
train_1063.wav,noise,noise
test_0504.wav,noise,noise
test_3054.wav,orca,noise
test_4408.wav,noise,noise
train_2068.wav,noise,noise
train_2582.wav,noise,noise
devel_1518.wav,noise,orca
devel_2797.wav,noise,noise
devel_1272.wav,orca,orca
test_4643.wav,orca,noise
test_2993.wav,noise,noise
train_0905.wav,noise,noise
devel_3392.wav,noise,noise
test_2293.wav,noise,noise
devel_1178.wav,noise,noise
train_0970.wav,noise,noise
test_0111.wav,noise,noise
train_1246.wav,orca,orca
train_0038.wav,orca,noise
devel_1506.wav,noise,noise
train_2018.wav,noise,noise
devel_1604.wav,noise,noise
test_2315.wav,noise,noise
test_2851.wav,noise,noise
test_0406.wav,noise,noise
train_3706.wav,noise,noise
train_3615.wav,noise,noise
test_2865.wav,noise,noise
train_4166.wav,noise,noise
devel_2652.wav,orca,noise
devel_3201.wav,noise,noise
test_2011.wav,orca,noise
test_3308.wav,noise,noise
train_3432.wav,noise,noise
devel_2708.wav,orca,noise
test_1628.wav,noise,noise
test_1281.wav,noise,noise
test_4698.wav,noise,noise
devel_0470.wav,orca,orca
devel_0932.wav,noise,noise
train_3757.wav,orca,noise
train_1452.wav,orca,noise
test_1121.wav,noise,noise
test_4955.wav,noise,noise
test_2490.wav,orca,noise
test_1132.wav,noise,noise
test_5014.wav,noise,noise
test_2707.wav,noise,noise
test_1143.wav,noise,noise
test_3590.wav,orca,noise
train_1993.wav,noise,noise
devel_0834.wav,noise,noise
devel_1191.wav,noise,noise
test_0442.wav,noise,noise
devel_3249.wav,noise,noise
train_1635.wav,orca,noise
test_2063.wav,noise,noise
test_4766.wav,noise,noise
devel_3466.wav,noise,noise
test_1698.wav,noise,noise
devel_0479.wav,noise,noise
train_3981.wav,noise,noise
devel_1470.wav,noise,noise
test_4926.wav,noise,noise
test_1982.wav,noise,noise
devel_3145.wav,noise,noise
train_3427.wav,noise,noise
train_0380.wav,noise,noise
test_0697.wav,noise,noise
test_3704.wav,noise,noise
devel_2565.wav,noise,noise
devel_0682.wav,noise,noise
test_0049.wav,noise,noise
test_2156.wav,noise,noise
test_0961.wav,noise,noise
devel_0517.wav,noise,noise
train_2946.wav,orca,orca
test_3067.wav,orca,noise
test_2339.wav,noise,noise
train_3338.wav,noise,noise
train_1785.wav,noise,noise
test_2187.wav,noise,noise
test_4948.wav,noise,noise
test_2395.wav,noise,orca
test_0989.wav,orca,orca
train_3792.wav,noise,noise
test_3178.wav,noise,noise
test_0190.wav,noise,noise
devel_2516.wav,noise,noise
devel_3450.wav,noise,noise
test_3496.wav,noise,noise
test_0067.wav,noise,noise
test_2827.wav,orca,noise
train_0884.wav,orca,noise
test_2836.wav,noise,noise
devel_2863.wav,noise,noise
train_3606.wav,noise,noise
train_1485.wav,orca,orca
devel_0224.wav,orca,noise
test_0891.wav,orca,orca
train_2928.wav,noise,noise
train_4025.wav,noise,noise
train_1474.wav,orca,noise
test_2958.wav,noise,noise
train_3726.wav,noise,noise
test_3286.wav,noise,noise
test_0480.wav,noise,noise
test_2071.wav,noise,noise
train_2961.wav,noise,noise
devel_2334.wav,noise,noise
devel_3434.wav,noise,noise
test_1084.wav,noise,noise
train_3638.wav,noise,noise
test_4818.wav,noise,noise
train_0559.wav,noise,noise
test_1688.wav,orca,noise
devel_3179.wav,noise,noise
train_0824.wav,orca,noise
test_2276.wav,noise,noise
train_2142.wav,noise,noise
test_3390.wav,noise,noise
devel_2483.wav,orca,orca
test_3725.wav,noise,noise
devel_0842.wav,noise,noise
train_4338.wav,orca,noise
devel_2410.wav,noise,noise
test_0933.wav,noise,noise
test_3433.wav,noise,noise
train_3849.wav,noise,noise
test_4532.wav,noise,noise
devel_1550.wav,orca,noise
devel_3491.wav,noise,noise
devel_1411.wav,noise,noise
devel_2826.wav,noise,noise
train_0474.wav,noise,noise
devel_3395.wav,noise,noise
test_1112.wav,noise,noise
train_4413.wav,noise,orca
devel_3514.wav,noise,noise
test_3498.wav,noise,noise
train_4594.wav,noise,noise
devel_2188.wav,orca,noise
test_3540.wav,noise,noise
devel_1642.wav,noise,noise
devel_0843.wav,noise,noise
devel_2247.wav,orca,noise
train_3283.wav,orca,noise
test_4397.wav,noise,noise
train_3537.wav,noise,noise
test_1520.wav,noise,noise
test_4633.wav,noise,noise
test_3227.wav,noise,noise
train_4408.wav,noise,noise
devel_0943.wav,orca,orca
train_0039.wav,noise,noise
train_1755.wav,noise,noise
test_2096.wav,noise,noise
devel_0203.wav,noise,orca
train_3768.wav,noise,noise
devel_2874.wav,orca,orca
devel_2072.wav,noise,noise
train_3809.wav,noise,noise
test_1881.wav,noise,noise
devel_1138.wav,orca,noise
test_2373.wav,noise,noise
train_2143.wav,noise,noise
test_2393.wav,orca,noise
test_0240.wav,noise,noise
train_0507.wav,noise,noise
train_2992.wav,noise,noise
test_0848.wav,noise,noise
devel_1738.wav,noise,noise
test_2048.wav,noise,orca
train_0768.wav,noise,noise
train_1623.wav,noise,noise
train_1578.wav,noise,noise
devel_1315.wav,noise,noise
test_3717.wav,noise,noise
train_1800.wav,orca,noise
train_0032.wav,noise,noise
devel_2825.wav,orca,orca
train_3127.wav,noise,noise
train_2238.wav,noise,noise
devel_1537.wav,noise,noise
train_3315.wav,noise,noise
test_3928.wav,noise,noise
train_4656.wav,noise,noise
test_0617.wav,orca,noise
train_2252.wav,noise,noise
devel_3315.wav,noise,noise
train_3902.wav,noise,noise
train_1865.wav,noise,noise
train_0696.wav,noise,noise
test_0859.wav,noise,noise
devel_2724.wav,noise,noise
test_4117.wav,orca,orca
test_3092.wav,noise,noise
train_1389.wav,noise,noise
test_0596.wav,noise,noise
test_3478.wav,noise,noise
test_1073.wav,noise,noise
devel_2116.wav,noise,noise
train_0086.wav,noise,noise
train_4312.wav,noise,noise
devel_2661.wav,noise,noise
devel_1065.wav,orca,noise
devel_2123.wav,orca,noise
devel_0396.wav,orca,noise
test_4008.wav,noise,noise
train_1625.wav,orca,noise
devel_2209.wav,noise,noise
test_0402.wav,orca,orca
test_0128.wav,noise,noise
test_2641.wav,noise,noise
train_1561.wav,noise,noise
train_1379.wav,orca,noise
test_4777.wav,orca,orca
devel_2549.wav,noise,noise
train_3865.wav,noise,noise
train_2537.wav,noise,noise
devel_0909.wav,noise,noise
test_2717.wav,orca,noise
test_4470.wav,noise,noise
test_1528.wav,orca,orca
test_1756.wav,orca,noise
train_4619.wav,noise,noise
devel_1730.wav,orca,orca
test_0506.wav,noise,noise
devel_0446.wav,noise,noise
train_1081.wav,noise,noise
test_0924.wav,noise,noise
test_4768.wav,noise,noise
test_5060.wav,orca,noise
train_0082.wav,noise,noise
devel_0987.wav,orca,orca
train_3936.wav,noise,noise
devel_1456.wav,orca,noise
train_3440.wav,noise,noise
train_2231.wav,noise,noise
test_3536.wav,noise,noise
train_4515.wav,noise,noise
train_3901.wav,noise,noise
test_4415.wav,noise,noise
train_3928.wav,noise,noise
test_3942.wav,noise,noise
train_1203.wav,noise,noise
test_3304.wav,orca,noise
train_0491.wav,noise,noise
train_0388.wav,noise,noise
devel_3087.wav,noise,noise
test_0964.wav,noise,noise
test_4217.wav,noise,noise
train_0774.wav,orca,noise
devel_3263.wav,orca,orca
devel_0818.wav,orca,noise
devel_1413.wav,noise,noise
devel_0278.wav,noise,noise
devel_2341.wav,noise,orca
test_3250.wav,noise,noise
test_1759.wav,noise,noise
devel_2145.wav,noise,noise
test_4659.wav,noise,noise
train_2627.wav,noise,noise
test_3873.wav,orca,orca
train_3579.wav,noise,noise
devel_1874.wav,noise,noise
test_3153.wav,noise,noise
devel_2535.wav,noise,noise
devel_1697.wav,noise,noise
test_0234.wav,noise,noise
devel_2855.wav,orca,noise
train_2542.wav,noise,noise
devel_0059.wav,noise,noise
test_3437.wav,orca,noise
test_3702.wav,noise,noise
devel_0088.wav,noise,noise
test_5043.wav,noise,noise
devel_0432.wav,noise,noise
train_0441.wav,noise,noise
devel_1644.wav,noise,noise
test_1111.wav,noise,noise
devel_0895.wav,orca,orca
test_0769.wav,noise,noise
devel_0070.wav,noise,noise
test_0777.wav,noise,noise
train_1931.wav,noise,noise
test_1931.wav,noise,noise
test_4165.wav,noise,noise
train_1003.wav,noise,noise
train_3845.wav,noise,noise
test_2563.wav,noise,noise
train_3605.wav,noise,noise
train_2996.wav,noise,noise
test_3296.wav,noise,noise
test_2901.wav,noise,orca
devel_0116.wav,noise,noise
devel_1578.wav,noise,noise
test_2721.wav,noise,noise
train_1066.wav,orca,noise
train_3031.wav,orca,noise
train_3118.wav,orca,orca
train_2975.wav,orca,noise
train_2065.wav,noise,noise
devel_2353.wav,noise,noise
train_3745.wav,noise,noise
test_2488.wav,noise,noise
train_1164.wav,noise,noise
devel_0891.wav,noise,noise
test_5045.wav,noise,noise
test_4207.wav,noise,noise
train_1297.wav,noise,noise
test_4572.wav,noise,noise
train_0200.wav,noise,noise
train_3827.wav,noise,noise
test_4197.wav,noise,noise
test_4574.wav,noise,noise
devel_3377.wav,noise,noise
test_0376.wav,noise,noise
devel_1927.wav,noise,noise
train_2645.wav,noise,noise
train_0883.wav,noise,noise
test_1667.wav,noise,noise
train_4313.wav,noise,orca
train_4098.wav,noise,noise
train_2800.wav,orca,orca
test_4769.wav,noise,noise
test_4826.wav,noise,noise
test_1559.wav,noise,noise
devel_1930.wav,orca,noise
test_4396.wav,noise,noise
devel_1181.wav,orca,noise
train_1108.wav,noise,noise
test_1297.wav,orca,noise
train_1304.wav,noise,noise
train_0323.wav,noise,noise
devel_3410.wav,noise,noise
test_4130.wav,noise,noise
test_3866.wav,orca,noise
train_0206.wav,noise,noise
devel_1538.wav,noise,noise
test_0701.wav,orca,noise
devel_0099.wav,noise,noise
train_2775.wav,orca,orca
devel_1093.wav,noise,noise
test_3662.wav,orca,noise
devel_3474.wav,orca,noise
test_2517.wav,noise,noise
test_1230.wav,noise,noise
